timestamp,container,cpu_percent,memory_usage,memory_percent
2026-08-24T14:26:11.581+07:00,kafka,2.29%,877.1MiB / 7.678GiB,11.15%
2026-08-24T14:26:11.581+07:00,spark,400.28%,1.393GiB / 7.678GiB,18.14%
2026-08-24T14:26:11.581+07:00,postgres,0.00%,138MiB / 7.678GiB,1.75%
2026-08-24T14:26:14.603+07:00,kafka,18.92%,877.3MiB / 7.678GiB,11.16%
2026-08-24T14:26:14.603+07:00,spark,373.25%,1.521GiB / 7.678GiB,19.82%
2026-08-24T14:26:14.603+07:00,postgres,0.00%,138MiB / 7.678GiB,1.75%
2026-08-24T14:26:18.014+07:00,kafka,8.37%,877.2MiB / 7.678GiB,11.16%
2026-08-24T14:26:18.014+07:00,spark,320.71%,1.668GiB / 7.678GiB,21.73%
2026-08-24T14:26:18.014+07:00,postgres,0.00%,138MiB / 7.678GiB,1.75%
2026-08-24T14:26:21.191+07:00,kafka,7.54%,877.2MiB / 7.678GiB,11.16%
2026-08-24T14:26:21.191+07:00,spark,352.38%,1.734GiB / 7.678GiB,22.58%
2026-08-24T14:26:21.191+07:00,postgres,0.01%,138.2MiB / 7.678GiB,1.76%
2026-08-24T14:26:24.248+07:00,kafka,10.41%,877.2MiB / 7.678GiB,11.16%
2026-08-24T14:26:24.248+07:00,spark,399.58%,1.841GiB / 7.678GiB,23.98%
2026-08-24T14:26:24.248+07:00,postgres,0.00%,138.2MiB / 7.678GiB,1.76%
2026-08-24T14:26:27.491+07:00,kafka,7.32%,877.1MiB / 7.678GiB,11.16%
2026-08-24T14:26:27.491+07:00,spark,370.07%,1.986GiB / 7.678GiB,25.87%
2026-08-24T14:26:27.491+07:00,postgres,0.00%,138.2MiB / 7.678GiB,1.76%
2026-08-24T14:26:30.535+07:00,kafka,10.77%,877.3MiB / 7.678GiB,11.16%
2026-08-24T14:26:30.535+07:00,spark,345.67%,2.109GiB / 7.678GiB,27.47%
2026-08-24T14:26:30.535+07:00,postgres,0.00%,138.2MiB / 7.678GiB,1.76%
2026-08-24T14:26:33.586+07:00,kafka,6.46%,877.3MiB / 7.678GiB,11.16%
2026-08-24T14:26:33.586+07:00,spark,383.94%,2.176GiB / 7.678GiB,28.33%
2026-08-24T14:26:33.586+07:00,postgres,0.00%,138.2MiB / 7.678GiB,1.76%
2026-08-24T14:26:36.840+07:00,kafka,7.37%,877.3MiB / 7.678GiB,11.16%
2026-08-24T14:26:36.840+07:00,spark,365.75%,2.279GiB / 7.678GiB,29.68%
2026-08-24T14:26:36.840+07:00,postgres,0.00%,138.3MiB / 7.678GiB,1.76%
2026-08-24T14:26:40.088+07:00,kafka,6.79%,877.2MiB / 7.678GiB,11.16%
2026-08-24T14:26:40.088+07:00,spark,351.09%,2.366GiB / 7.678GiB,30.82%
2026-08-24T14:26:40.088+07:00,postgres,18.51%,138MiB / 7.678GiB,1.76%
2026-08-24T14:26:43.144+07:00,kafka,8.85%,877.5MiB / 7.678GiB,11.16%
2026-08-24T14:26:43.144+07:00,spark,379.68%,2.51GiB / 7.678GiB,32.69%
2026-08-24T14:26:43.144+07:00,postgres,0.00%,138MiB / 7.678GiB,1.76%
2026-08-24T14:26:46.409+07:00,kafka,5.69%,877.7MiB / 7.678GiB,11.16%
2026-08-24T14:26:46.409+07:00,spark,385.09%,2.636GiB / 7.678GiB,34.33%
2026-08-24T14:26:46.409+07:00,postgres,0.00%,138MiB / 7.678GiB,1.76%
2026-08-24T14:26:49.917+07:00,kafka,7.47%,877.3MiB / 7.678GiB,11.16%
2026-08-24T14:26:49.917+07:00,spark,391.68%,2.737GiB / 7.678GiB,35.64%
2026-08-24T14:26:49.917+07:00,postgres,0.52%,138.3MiB / 7.678GiB,1.76%
2026-08-24T14:26:54.542+07:00,kafka,5.56%,877.5MiB / 7.678GiB,11.16%
2026-08-24T14:26:54.542+07:00,spark,374.34%,2.803GiB / 7.678GiB,36.51%
2026-08-24T14:26:54.542+07:00,postgres,0.01%,137.9MiB / 7.678GiB,1.75%
2026-08-24T14:26:57.793+07:00,kafka,8.78%,877.5MiB / 7.678GiB,11.16%
2026-08-24T14:26:57.793+07:00,spark,371.33%,2.929GiB / 7.678GiB,38.14%
2026-08-24T14:26:57.793+07:00,postgres,13.72%,138MiB / 7.678GiB,1.76%
2026-08-24T14:27:00.837+07:00,kafka,6.38%,877.4MiB / 7.678GiB,11.16%
2026-08-24T14:27:00.837+07:00,spark,376.36%,2.985GiB / 7.678GiB,38.88%
2026-08-24T14:27:00.837+07:00,postgres,0.02%,138MiB / 7.678GiB,1.76%
2026-08-24T14:27:03.880+07:00,kafka,5.66%,877.4MiB / 7.678GiB,11.16%
2026-08-24T14:27:03.880+07:00,spark,389.93%,3.076GiB / 7.678GiB,40.06%
2026-08-24T14:27:03.880+07:00,postgres,0.00%,137.9MiB / 7.678GiB,1.75%
2026-08-24T14:27:07.144+07:00,kafka,5.73%,877.4MiB / 7.678GiB,11.16%
2026-08-24T14:27:07.144+07:00,spark,375.49%,3.125GiB / 7.678GiB,40.71%
2026-08-24T14:27:07.144+07:00,postgres,2.85%,138.2MiB / 7.678GiB,1.76%
2026-08-24T14:27:10.442+07:00,kafka,5.47%,877.3MiB / 7.678GiB,11.16%
2026-08-24T14:27:10.442+07:00,spark,371.14%,3.212GiB / 7.678GiB,41.83%
2026-08-24T14:27:10.442+07:00,postgres,0.00%,138MiB / 7.678GiB,1.76%
2026-08-24T14:27:13.490+07:00,kafka,12.89%,877.2MiB / 7.678GiB,11.16%
2026-08-24T14:27:13.490+07:00,spark,323.76%,3.258GiB / 7.678GiB,42.44%
2026-08-24T14:27:13.490+07:00,postgres,26.44%,137.8MiB / 7.678GiB,1.75%
2026-08-24T14:27:16.744+07:00,kafka,14.68%,877.2MiB / 7.678GiB,11.16%
2026-08-24T14:27:16.744+07:00,spark,381.96%,3.294GiB / 7.678GiB,42.90%
2026-08-24T14:27:16.744+07:00,postgres,0.00%,137.8MiB / 7.678GiB,1.75%
2026-08-24T14:27:20.015+07:00,kafka,20.18%,877.4MiB / 7.678GiB,11.16%
2026-08-24T14:27:20.015+07:00,spark,372.27%,3.351GiB / 7.678GiB,43.64%
2026-08-24T14:27:20.015+07:00,postgres,0.00%,138.1MiB / 7.678GiB,1.76%
2026-08-24T14:27:23.061+07:00,kafka,20.78%,877.6MiB / 7.678GiB,11.16%
2026-08-24T14:27:23.061+07:00,spark,359.81%,3.386GiB / 7.678GiB,44.10%
2026-08-24T14:27:23.061+07:00,postgres,0.00%,138.1MiB / 7.678GiB,1.76%
2026-08-24T14:27:26.278+07:00,kafka,19.43%,878.2MiB / 7.678GiB,11.17%
2026-08-24T14:27:26.278+07:00,spark,342.38%,3.399GiB / 7.678GiB,44.27%
2026-08-24T14:27:26.278+07:00,postgres,0.00%,138.2MiB / 7.678GiB,1.76%
2026-08-24T14:27:29.557+07:00,kafka,19.37%,878.2MiB / 7.678GiB,11.17%
2026-08-24T14:27:29.557+07:00,spark,333.31%,3.479GiB / 7.678GiB,45.31%
2026-08-24T14:27:29.557+07:00,postgres,0.00%,138.2MiB / 7.678GiB,1.76%
2026-08-24T14:27:32.603+07:00,kafka,21.24%,878.4MiB / 7.678GiB,11.17%
2026-08-24T14:27:32.603+07:00,spark,354.72%,3.533GiB / 7.678GiB,46.01%
2026-08-24T14:27:32.603+07:00,postgres,0.01%,138MiB / 7.678GiB,1.76%
2026-08-24T14:27:35.647+07:00,kafka,25.92%,878.3MiB / 7.678GiB,11.17%
2026-08-24T14:27:35.647+07:00,spark,357.38%,3.659GiB / 7.678GiB,47.65%
2026-08-24T14:27:35.647+07:00,postgres,0.00%,137.9MiB / 7.678GiB,1.75%
2026-08-24T14:27:38.932+07:00,kafka,26.01%,878.3MiB / 7.678GiB,11.17%
2026-08-24T14:27:38.932+07:00,spark,346.32%,3.72GiB / 7.678GiB,48.44%
2026-08-24T14:27:38.932+07:00,postgres,0.00%,137.9MiB / 7.678GiB,1.75%
2026-08-24T14:27:41.981+07:00,kafka,27.56%,878.2MiB / 7.678GiB,11.17%
2026-08-24T14:27:41.981+07:00,spark,328.90%,3.794GiB / 7.678GiB,49.42%
2026-08-24T14:27:41.981+07:00,postgres,0.00%,138.1MiB / 7.678GiB,1.76%
2026-08-24T14:27:45.016+07:00,kafka,41.95%,878.3MiB / 7.678GiB,11.17%
2026-08-24T14:27:45.016+07:00,spark,319.67%,3.858GiB / 7.678GiB,50.24%
2026-08-24T14:27:45.016+07:00,postgres,2.09%,139.1MiB / 7.678GiB,1.77%
2026-08-24T14:27:48.230+07:00,kafka,14.79%,878.6MiB / 7.678GiB,11.17%
2026-08-24T14:27:48.230+07:00,spark,363.41%,3.934GiB / 7.678GiB,51.24%
2026-08-24T14:27:48.230+07:00,postgres,0.00%,138.1MiB / 7.678GiB,1.76%
2026-08-24T14:27:51.274+07:00,kafka,15.06%,884.7MiB / 7.678GiB,11.25%
2026-08-24T14:27:51.274+07:00,spark,339.63%,3.969GiB / 7.678GiB,51.69%
2026-08-24T14:27:51.274+07:00,postgres,20.30%,138.5MiB / 7.678GiB,1.76%
2026-08-24T14:27:54.345+07:00,kafka,15.68%,879.7MiB / 7.678GiB,11.19%
2026-08-24T14:27:54.345+07:00,spark,373.65%,4.015GiB / 7.678GiB,52.29%
2026-08-24T14:27:54.345+07:00,postgres,0.00%,138.5MiB / 7.678GiB,1.76%
2026-08-24T14:27:57.563+07:00,kafka,12.91%,880.1MiB / 7.678GiB,11.19%
2026-08-24T14:27:57.563+07:00,spark,379.89%,4.084GiB / 7.678GiB,53.18%
2026-08-24T14:27:57.563+07:00,postgres,0.00%,138MiB / 7.678GiB,1.76%
2026-08-24T14:28:00.617+07:00,kafka,20.48%,880.1MiB / 7.678GiB,11.19%
2026-08-24T14:28:00.617+07:00,spark,316.54%,4.145GiB / 7.678GiB,53.98%
2026-08-24T14:28:00.617+07:00,postgres,0.00%,138MiB / 7.678GiB,1.76%
2026-08-24T14:28:03.670+07:00,kafka,16.02%,880.4MiB / 7.678GiB,11.20%
2026-08-24T14:28:03.670+07:00,spark,362.89%,4.222GiB / 7.678GiB,54.99%
2026-08-24T14:28:03.670+07:00,postgres,0.00%,138.1MiB / 7.678GiB,1.76%
2026-08-24T14:28:06.904+07:00,kafka,5.55%,881.5MiB / 7.678GiB,11.21%
2026-08-24T14:28:06.904+07:00,spark,297.39%,4.255GiB / 7.678GiB,55.42%
2026-08-24T14:28:06.904+07:00,postgres,3.95%,138.1MiB / 7.678GiB,1.76%
2026-08-24T14:28:10.234+07:00,kafka,14.59%,881.2MiB / 7.678GiB,11.21%
2026-08-24T14:28:10.234+07:00,spark,364.88%,4.28GiB / 7.678GiB,55.75%
2026-08-24T14:28:10.234+07:00,postgres,0.00%,138.4MiB / 7.678GiB,1.76%
2026-08-24T14:28:13.278+07:00,kafka,7.35%,882.3MiB / 7.678GiB,11.22%
2026-08-24T14:28:13.278+07:00,spark,338.81%,4.307GiB / 7.678GiB,56.09%
2026-08-24T14:28:13.278+07:00,postgres,22.56%,138.3MiB / 7.678GiB,1.76%
2026-08-24T14:28:16.506+07:00,kafka,5.33%,882.4MiB / 7.678GiB,11.22%
2026-08-24T14:28:16.506+07:00,spark,386.39%,4.368GiB / 7.678GiB,56.89%
2026-08-24T14:28:16.506+07:00,postgres,0.00%,138.3MiB / 7.678GiB,1.76%
2026-08-24T14:28:19.772+07:00,kafka,9.14%,882.6MiB / 7.678GiB,11.23%
2026-08-24T14:28:19.772+07:00,spark,373.29%,4.437GiB / 7.678GiB,57.78%
2026-08-24T14:28:19.772+07:00,postgres,0.00%,138.3MiB / 7.678GiB,1.76%
2026-08-24T14:28:22.809+07:00,kafka,9.45%,882.9MiB / 7.678GiB,11.23%
2026-08-24T14:28:22.809+07:00,spark,346.00%,4.503GiB / 7.678GiB,58.65%
2026-08-24T14:28:22.809+07:00,postgres,0.88%,139.5MiB / 7.678GiB,1.77%
2026-08-24T14:28:25.855+07:00,kafka,6.55%,883.3MiB / 7.678GiB,11.23%
2026-08-24T14:28:25.855+07:00,spark,382.63%,4.605GiB / 7.678GiB,59.98%
2026-08-24T14:28:25.855+07:00,postgres,0.00%,140.6MiB / 7.678GiB,1.79%
2026-08-24T14:28:29.130+07:00,kafka,7.69%,883.3MiB / 7.678GiB,11.23%
2026-08-24T14:28:29.130+07:00,spark,327.66%,4.705GiB / 7.678GiB,61.28%
2026-08-24T14:28:29.130+07:00,postgres,26.24%,140.5MiB / 7.678GiB,1.79%
2026-08-24T14:28:32.188+07:00,kafka,18.83%,883.6MiB / 7.678GiB,11.24%
2026-08-24T14:28:32.188+07:00,spark,347.03%,4.73GiB / 7.678GiB,61.60%
2026-08-24T14:28:32.188+07:00,postgres,0.02%,138MiB / 7.678GiB,1.75%
2026-08-24T14:28:35.237+07:00,kafka,10.11%,884.5MiB / 7.678GiB,11.25%
2026-08-24T14:28:35.237+07:00,spark,362.49%,4.787GiB / 7.678GiB,62.34%
2026-08-24T14:28:35.237+07:00,postgres,3.27%,138.2MiB / 7.678GiB,1.76%
2026-08-24T14:28:38.556+07:00,kafka,14.61%,885.3MiB / 7.678GiB,11.26%
2026-08-24T14:28:38.556+07:00,spark,367.49%,4.838GiB / 7.678GiB,63.01%
2026-08-24T14:28:38.556+07:00,postgres,0.02%,138.2MiB / 7.678GiB,1.76%
2026-08-24T14:28:41.598+07:00,kafka,11.56%,886.1MiB / 7.678GiB,11.27%
2026-08-24T14:28:41.598+07:00,spark,362.40%,4.852GiB / 7.678GiB,63.19%
2026-08-24T14:28:41.598+07:00,postgres,4.96%,140.3MiB / 7.678GiB,1.78%
2026-08-24T14:28:44.651+07:00,kafka,9.08%,886.1MiB / 7.678GiB,11.27%
2026-08-24T14:28:44.651+07:00,spark,356.55%,4.864GiB / 7.678GiB,63.35%
2026-08-24T14:28:44.651+07:00,postgres,2.15%,142.1MiB / 7.678GiB,1.81%
2026-08-24T14:28:47.871+07:00,kafka,14.46%,886.5MiB / 7.678GiB,11.27%
2026-08-24T14:28:47.871+07:00,spark,356.43%,4.894GiB / 7.678GiB,63.74%
2026-08-24T14:28:47.871+07:00,postgres,5.54%,142.1MiB / 7.678GiB,1.81%
2026-08-24T14:28:50.919+07:00,kafka,11.42%,887.6MiB / 7.678GiB,11.29%
2026-08-24T14:28:50.919+07:00,spark,310.77%,4.926GiB / 7.678GiB,64.16%
2026-08-24T14:28:50.919+07:00,postgres,22.98%,138.3MiB / 7.678GiB,1.76%
2026-08-24T14:28:53.967+07:00,kafka,9.15%,888.1MiB / 7.678GiB,11.30%
2026-08-24T14:28:53.967+07:00,spark,335.74%,4.931GiB / 7.678GiB,64.22%
2026-08-24T14:28:53.967+07:00,postgres,0.01%,140.6MiB / 7.678GiB,1.79%
2026-08-24T14:28:57.219+07:00,kafka,12.77%,888MiB / 7.678GiB,11.29%
2026-08-24T14:28:57.219+07:00,spark,350.33%,4.974GiB / 7.678GiB,64.78%
2026-08-24T14:28:57.219+07:00,postgres,12.38%,142.2MiB / 7.678GiB,1.81%
2026-08-24T14:29:00.541+07:00,kafka,7.48%,888.4MiB / 7.678GiB,11.30%
2026-08-24T14:29:00.541+07:00,spark,351.44%,4.987GiB / 7.678GiB,64.95%
2026-08-24T14:29:00.541+07:00,postgres,0.01%,138.3MiB / 7.678GiB,1.76%
2026-08-24T14:29:03.627+07:00,kafka,14.00%,885.7MiB / 7.678GiB,11.26%
2026-08-24T14:29:03.627+07:00,spark,363.97%,5.044GiB / 7.678GiB,65.70%
2026-08-24T14:29:03.627+07:00,postgres,6.46%,140.3MiB / 7.678GiB,1.78%
2026-08-24T14:29:06.906+07:00,kafka,6.60%,883.1MiB / 7.678GiB,11.23%
2026-08-24T14:29:06.906+07:00,spark,347.02%,5.049GiB / 7.678GiB,65.76%
2026-08-24T14:29:06.906+07:00,postgres,21.70%,142.2MiB / 7.678GiB,1.81%
2026-08-24T14:29:10.186+07:00,kafka,11.11%,883MiB / 7.678GiB,11.23%
2026-08-24T14:29:10.186+07:00,spark,374.91%,5.057GiB / 7.678GiB,65.86%
2026-08-24T14:29:10.186+07:00,postgres,0.02%,138MiB / 7.678GiB,1.76%
2026-08-24T14:29:13.248+07:00,kafka,9.27%,882.7MiB / 7.678GiB,11.23%
2026-08-24T14:29:13.248+07:00,spark,358.90%,5.072GiB / 7.678GiB,66.06%
2026-08-24T14:29:13.248+07:00,postgres,0.02%,140.1MiB / 7.678GiB,1.78%
2026-08-24T14:29:16.492+07:00,kafka,7.77%,877.6MiB / 7.678GiB,11.16%
2026-08-24T14:29:16.492+07:00,spark,338.74%,5.079GiB / 7.678GiB,66.15%
2026-08-24T14:29:16.492+07:00,postgres,0.02%,137.9MiB / 7.678GiB,1.75%
2026-08-24T14:29:19.972+07:00,kafka,7.73%,877.7MiB / 7.678GiB,11.16%
2026-08-24T14:29:19.972+07:00,spark,370.98%,5.09GiB / 7.678GiB,66.29%
2026-08-24T14:29:19.972+07:00,postgres,1.66%,140.3MiB / 7.678GiB,1.78%
2026-08-24T14:29:23.027+07:00,kafka,12.72%,877.5MiB / 7.678GiB,11.16%
2026-08-24T14:29:23.027+07:00,spark,290.35%,5.096GiB / 7.678GiB,66.37%
2026-08-24T14:29:23.027+07:00,postgres,15.15%,137.7MiB / 7.678GiB,1.75%
2026-08-24T14:29:26.051+07:00,kafka,6.86%,877.5MiB / 7.678GiB,11.16%
2026-08-24T14:29:26.051+07:00,spark,373.33%,5.132GiB / 7.678GiB,66.83%
2026-08-24T14:29:26.051+07:00,postgres,4.82%,139.9MiB / 7.678GiB,1.78%
2026-08-24T14:29:29.261+07:00,kafka,6.70%,876.2MiB / 7.678GiB,11.14%
2026-08-24T14:29:29.261+07:00,spark,342.71%,5.143GiB / 7.678GiB,66.98%
2026-08-24T14:29:29.261+07:00,postgres,5.59%,137.7MiB / 7.678GiB,1.75%
2026-08-24T14:29:32.313+07:00,kafka,6.63%,876.3MiB / 7.678GiB,11.15%
2026-08-24T14:29:32.313+07:00,spark,355.80%,5.191GiB / 7.678GiB,67.60%
2026-08-24T14:29:32.313+07:00,postgres,0.02%,137MiB / 7.678GiB,1.74%
2026-08-24T14:29:35.379+07:00,kafka,12.48%,876.2MiB / 7.678GiB,11.14%
2026-08-24T14:29:35.379+07:00,spark,333.30%,5.203GiB / 7.678GiB,67.76%
2026-08-24T14:29:35.379+07:00,postgres,4.01%,141.9MiB / 7.678GiB,1.81%
2026-08-24T14:29:38.638+07:00,kafka,7.93%,876.4MiB / 7.678GiB,11.15%
2026-08-24T14:29:38.638+07:00,spark,315.61%,5.223GiB / 7.678GiB,68.02%
2026-08-24T14:29:38.638+07:00,postgres,2.14%,138.6MiB / 7.678GiB,1.76%
2026-08-24T14:29:41.698+07:00,kafka,13.11%,876.6MiB / 7.678GiB,11.15%
2026-08-24T14:29:41.698+07:00,spark,367.20%,5.224GiB / 7.678GiB,68.04%
2026-08-24T14:29:41.698+07:00,postgres,1.04%,140.6MiB / 7.678GiB,1.79%
2026-08-24T14:29:44.733+07:00,kafka,8.23%,876.9MiB / 7.678GiB,11.15%
2026-08-24T14:29:44.733+07:00,spark,324.62%,5.227GiB / 7.678GiB,68.07%
2026-08-24T14:29:44.733+07:00,postgres,17.60%,137.8MiB / 7.678GiB,1.75%
2026-08-24T14:29:48.055+07:00,kafka,11.56%,877.1MiB / 7.678GiB,11.16%
2026-08-24T14:29:48.055+07:00,spark,364.17%,5.219GiB / 7.678GiB,67.98%
2026-08-24T14:29:48.055+07:00,postgres,2.60%,139.8MiB / 7.678GiB,1.78%
2026-08-24T14:29:51.107+07:00,kafka,8.30%,877.5MiB / 7.678GiB,11.16%
2026-08-24T14:29:51.107+07:00,spark,371.24%,5.222GiB / 7.678GiB,68.01%
2026-08-24T14:29:51.107+07:00,postgres,0.02%,137.6MiB / 7.678GiB,1.75%
2026-08-24T14:29:54.160+07:00,kafka,12.00%,877.5MiB / 7.678GiB,11.16%
2026-08-24T14:29:54.160+07:00,spark,362.73%,5.221GiB / 7.678GiB,68.00%
2026-08-24T14:29:54.160+07:00,postgres,1.17%,141.9MiB / 7.678GiB,1.80%
2026-08-24T14:29:57.428+07:00,kafka,10.32%,877.4MiB / 7.678GiB,11.16%
2026-08-24T14:29:57.428+07:00,spark,379.28%,5.218GiB / 7.678GiB,67.96%
2026-08-24T14:29:57.428+07:00,postgres,0.01%,137.8MiB / 7.678GiB,1.75%
2026-08-24T14:30:00.717+07:00,kafka,11.80%,877.4MiB / 7.678GiB,11.16%
2026-08-24T14:30:00.717+07:00,spark,304.52%,5.216GiB / 7.678GiB,67.93%
2026-08-24T14:30:00.717+07:00,postgres,17.59%,142MiB / 7.678GiB,1.81%
2026-08-24T14:30:03.764+07:00,kafka,7.02%,877.7MiB / 7.678GiB,11.16%
2026-08-24T14:30:03.764+07:00,spark,360.54%,5.217GiB / 7.678GiB,67.95%
2026-08-24T14:30:03.764+07:00,postgres,0.03%,137.8MiB / 7.678GiB,1.75%
2026-08-24T14:30:07.000+07:00,kafka,8.17%,877.9MiB / 7.678GiB,11.17%
2026-08-24T14:30:07.000+07:00,spark,323.24%,5.211GiB / 7.678GiB,67.87%
2026-08-24T14:30:07.000+07:00,postgres,16.32%,137.7MiB / 7.678GiB,1.75%
2026-08-24T14:30:10.350+07:00,kafka,11.24%,878.1MiB / 7.678GiB,11.17%
2026-08-24T14:30:10.350+07:00,spark,333.63%,5.201GiB / 7.678GiB,67.74%
2026-08-24T14:30:10.350+07:00,postgres,0.03%,137.6MiB / 7.678GiB,1.75%
2026-08-24T14:30:13.395+07:00,kafka,8.17%,878.5MiB / 7.678GiB,11.17%
2026-08-24T14:30:13.395+07:00,spark,356.43%,5.203GiB / 7.678GiB,67.76%
2026-08-24T14:30:13.395+07:00,postgres,2.11%,140MiB / 7.678GiB,1.78%
2026-08-24T14:30:16.770+07:00,kafka,10.81%,878.4MiB / 7.678GiB,11.17%
2026-08-24T14:30:16.770+07:00,spark,319.03%,5.207GiB / 7.678GiB,67.81%
2026-08-24T14:30:16.770+07:00,postgres,13.20%,137.3MiB / 7.678GiB,1.75%
2026-08-24T14:30:20.038+07:00,kafka,7.20%,878.9MiB / 7.678GiB,11.18%
2026-08-24T14:30:20.038+07:00,spark,371.98%,5.2GiB / 7.678GiB,67.73%
2026-08-24T14:30:20.038+07:00,postgres,0.00%,141.2MiB / 7.678GiB,1.80%
2026-08-24T14:30:23.076+07:00,kafka,7.42%,878.6MiB / 7.678GiB,11.17%
2026-08-24T14:30:23.076+07:00,spark,311.92%,5.199GiB / 7.678GiB,67.70%
2026-08-24T14:30:23.076+07:00,postgres,0.02%,137.4MiB / 7.678GiB,1.75%
2026-08-24T14:30:26.319+07:00,kafka,6.69%,879.2MiB / 7.678GiB,11.18%
2026-08-24T14:30:26.319+07:00,spark,343.19%,5.194GiB / 7.678GiB,67.64%
2026-08-24T14:30:26.319+07:00,postgres,5.35%,137.2MiB / 7.678GiB,1.75%
2026-08-24T14:30:29.897+07:00,kafka,14.37%,879.6MiB / 7.678GiB,11.19%
2026-08-24T14:30:29.897+07:00,spark,374.51%,5.194GiB / 7.678GiB,67.64%
2026-08-24T14:30:29.897+07:00,postgres,0.02%,137MiB / 7.678GiB,1.74%
2026-08-24T14:30:33.036+07:00,kafka,12.47%,879.2MiB / 7.678GiB,11.18%
2026-08-24T14:30:33.036+07:00,spark,536.33%,5.185GiB / 7.678GiB,67.52%
2026-08-24T14:30:33.036+07:00,postgres,0.89%,141.2MiB / 7.678GiB,1.80%
2026-08-24T14:30:36.135+07:00,kafka,17.24%,879MiB / 7.678GiB,11.18%
2026-08-24T14:30:36.135+07:00,spark,401.77%,5.185GiB / 7.678GiB,67.52%
2026-08-24T14:30:36.135+07:00,postgres,0.03%,137.1MiB / 7.678GiB,1.74%
2026-08-24T14:30:39.635+07:00,kafka,17.40%,879.3MiB / 7.678GiB,11.18%
2026-08-24T14:30:39.635+07:00,spark,354.62%,5.178GiB / 7.678GiB,67.43%
2026-08-24T14:30:39.635+07:00,postgres,14.64%,137.1MiB / 7.678GiB,1.74%
2026-08-24T14:30:42.806+07:00,kafka,12.99%,879.8MiB / 7.678GiB,11.19%
2026-08-24T14:30:42.806+07:00,spark,446.59%,5.176GiB / 7.678GiB,67.41%
2026-08-24T14:30:42.806+07:00,postgres,3.60%,141.3MiB / 7.678GiB,1.80%
2026-08-24T14:30:45.920+07:00,kafka,18.87%,879.4MiB / 7.678GiB,11.18%
2026-08-24T14:30:45.920+07:00,spark,511.34%,5.18GiB / 7.678GiB,67.46%
2026-08-24T14:30:45.920+07:00,postgres,11.99%,137MiB / 7.678GiB,1.74%
2026-08-24T14:30:49.203+07:00,kafka,8.53%,880.1MiB / 7.678GiB,11.19%
2026-08-24T14:30:49.203+07:00,spark,284.84%,5.185GiB / 7.678GiB,67.52%
2026-08-24T14:30:49.203+07:00,postgres,0.84%,137MiB / 7.678GiB,1.74%
2026-08-24T14:30:52.251+07:00,kafka,12.58%,879.7MiB / 7.678GiB,11.19%
2026-08-24T14:30:52.251+07:00,spark,355.43%,5.196GiB / 7.678GiB,67.67%
2026-08-24T14:30:52.251+07:00,postgres,1.09%,140.5MiB / 7.678GiB,1.79%
2026-08-24T14:30:55.295+07:00,kafka,7.67%,879.1MiB / 7.678GiB,11.18%
2026-08-24T14:30:55.295+07:00,spark,348.23%,5.187GiB / 7.678GiB,67.56%
2026-08-24T14:30:55.295+07:00,postgres,1.72%,139.2MiB / 7.678GiB,1.77%
2026-08-24T14:30:58.519+07:00,kafka,7.19%,879.3MiB / 7.678GiB,11.18%
2026-08-24T14:30:58.519+07:00,spark,350.04%,5.185GiB / 7.678GiB,67.53%
2026-08-24T14:30:58.519+07:00,postgres,0.84%,136.8MiB / 7.678GiB,1.74%
2026-08-24T14:31:01.558+07:00,kafka,8.15%,879.4MiB / 7.678GiB,11.18%
2026-08-24T14:31:01.558+07:00,spark,359.05%,5.184GiB / 7.678GiB,67.52%
2026-08-24T14:31:01.558+07:00,postgres,1.85%,139.8MiB / 7.678GiB,1.78%
2026-08-24T14:31:04.613+07:00,kafka,13.11%,879.1MiB / 7.678GiB,11.18%
2026-08-24T14:31:04.613+07:00,spark,329.37%,5.179GiB / 7.678GiB,67.45%
2026-08-24T14:31:04.613+07:00,postgres,16.72%,136.7MiB / 7.678GiB,1.74%
2026-08-24T14:31:07.852+07:00,kafka,6.68%,879.7MiB / 7.678GiB,11.19%
2026-08-24T14:31:07.852+07:00,spark,364.00%,5.183GiB / 7.678GiB,67.51%
2026-08-24T14:31:07.852+07:00,postgres,1.70%,140.5MiB / 7.678GiB,1.79%
2026-08-24T14:31:10.925+07:00,kafka,8.48%,879.6MiB / 7.678GiB,11.19%
2026-08-24T14:31:10.925+07:00,spark,275.40%,5.161GiB / 7.678GiB,67.22%
2026-08-24T14:31:10.925+07:00,postgres,0.01%,136.5MiB / 7.678GiB,1.74%
